Topic,Count,Name,Representation,Representative_Docs,sentiment_neutral,sentiment_pos,sentiment_neg,representative_text_indexes,topic_color
-1,1853,-1_the_to_and_of,"['the', 'to', 'and', 'of', 'rt', 'for', 'in', 'energy', 'is', 'on']","[""@GaryLineker Actually, their new argument is also seriously flawed. If you look at a whole life analysis for electric vehicles, the carbon footprint is still higher than for a diesel car because of the constructible and recycling of the batteries.  I'm sorry, but as of now, Rowan was right."", ""@robertjames1968 I am with you. We rent and have 4 children because we had to 'change course' at one point and the plans we had were put aside. The rental market is brutal and landlords are always looking at loopholes so they can get a new lot in at the much higher rents they can charge."", '@samamotahari4 @CoingraphNews Take sustainable and clean solar and renewable energy projects seriously. They are the future of the planet and the future of our children\xa0 The $RET project is one of the top active projects in this field, which will create huge plans\r\n\r\n #Renewable_Energy_Token']",0.7758737182946573,0.17627738801942797,0.04786022665947113,"[1792, 3727, 3744]","(128, 128, 128)"
0,305,0_ev_charging_electric_the,"['ev', 'charging', 'electric', 'the', 'car', 'is', 'in', 'vehicle', 'chargers', 'with']","['‚ö°Ô∏è@RawCharging launches ultra-fast EV charging hub in Croydon, addressing the needs of EV drivers without home charging.‚ö°Ô∏è \r\n\r\nFind out more below üëá\r\n\r\n#ElectricDrives #ElectricVehicles #Sustainability #EV #EVcharging \r\n\r\nhttps://t.co/KxpYPWaGFk', 'RT @emporia_energy: ""The Emporia Electric Vehicle EV Charging Station is a high-value, attractively-priced smart home EV charger.""\r\n\r\nRead @t‚Ä¶', 'RT @SIRIMQASIntl: Electric Vehicle (EV) is no longer the future. It is the reality of today.\r\n\r\nWith more EVs on the roads, the number of EV‚Ä¶']",0.8537770491803278,0.10849508196721312,0.037737704918032786,"[2173, 2190, 2806]","(81, 149, 72)"
1,204,1_escooter_solar_the_emobility,"['escooter', 'solar', 'the', 'emobility', 'to', 'in', 'an', 'on', 'of', 'ride']","[""Whether you drive an EV, ride an e-bike or an e-scooter, or just live in Bristol and wonder what the fuss is all about, we'd love to hear from you. https://t.co/nHNU570jCg"", 'RT @ITEM_Research: Whether you drive an EV, ride an e-bike or an e-scooter, or just live in Bristol and wonder what the fuss is all about,‚Ä¶', '@Schmilly2 I want to get from north perth to balcatta, a straight trip up Charles/Wanneroo. PT not operating early enough. I thought that I could ride my e-scooter to work, and then catch the bus home. But not sure if I can take a scooter on the bus.']",0.8144607843137255,0.13995588235294118,0.04557352941176471,"[2605, 2610, 3881]","(31, 63, 85)"
2,130,2_energy_efficiency_global_iea,"['energy', 'efficiency', 'global', 'iea', 'renewable', 'the', 'to', 'conference', 'green', 'in']","['Warm and successful meeting between the üáÆüáπ Minister for Environment and Energy Security @GPichetto  and the #IEA Executive Director @fbirol on the next üáÆüáπ  #G7 presidency at @IEA annual global conference on energy efficiency https://t.co/y5hhyPc8Sj', ""Minister @EamonRyan is representing üáÆüá™ at the @IEA Annual Global Conference on Energy Efficiency in Versailles.\r\n\r\nImportant that we work together to achieve faster progress on energy efficiency to address today's global energy crisis and meet our climate goals. https://t.co/3jKqzveNXl"", 'A pleasure to meet with Italian Minister @GPichetto on the sidelines of @IEA‚Äôs Global Conference on Energy Efficiency\r\n\r\nLooking forward to close collaboration with üáÆüáπ to advance the energy &amp; climate priorities of its 2024 #G7 Presidency https://t.co/307NoEasdJ']",0.6673,0.28938461538461535,0.04333076923076923,"[662, 2844, 3040]","(13, 102, 180)"
3,118,3_grid_smart_power_electricity,"['grid', 'smart', 'power', 'electricity', 'the', 'to', 'they', 'meters', 'on', 'of']","['Power from EV batteries could become part of a larger smart grid solution.  https://t.co/zNJAnUbNkT', ""@realstewpeters Yes! That's the whole idea behind Climate Change\r\nor\r\nClimate Crisis.\r\n&amp; hidden in plain sight is the fact they want us ALL 100% dependent on electricity\r\nWith the new smart power meters &amp; the smart power grid when they start a rationing &amp; we don't comply they just turn us OFF! https://t.co/myyNoN3Uiw"", 'RT @IEA: Electricity systems are generating more data than ever, thanks to a growing number of smart power meters, connected devices &amp; grid‚Ä¶']",0.7206016949152543,0.23673728813559322,0.0426864406779661,"[479, 878, 3026]","(123, 114, 204)"
4,102,4_mobility_sustainable_transport_urban,"['mobility', 'sustainable', 'transport', 'urban', 'and', 'public', 'tourism', 'our', 'to', 'at']","['üì¢New guide on mobility management, an essential part of sustainable urban mobility planning.\r\n\r\nüí°To help public &amp; private organisations shift towards more #sustainable modes of #transport. Result - less congestion &amp; better air quality. üö¥üö∂\u200d‚ôÇÔ∏èüöé\r\n\r\nhttps://t.co/3RN2NO9CjG\r\n#EUGreenDeal https://t.co/mxMELXLHVT', 'Farewell to the excellent #UITP2023 Summit. A great event to learn and share about sustainable urban mobility üëçüèΩ\r\n\r\nSee @ITF_Forum work for more liveable cities, including on New Mobility, Automated Vehicles, #PublicTransport and Shared Mobility üëâüèΩ https://t.co/PrkjYsgMFh https://t.co/aUiVCGRxHD', 'RT @Transport_EU: üì¢New guide on mobility management, an essential part of sustainable urban mobility planning.\r\n\r\nüí°To help public &amp; private o‚Ä¶']",0.8019117647058823,0.18846078431372548,0.009627450980392157,"[612, 632, 1046]","(133, 157, 200)"
5,102,5_bicycle_electric_bike_ebike,"['bicycle', 'electric', 'bike', 'ebike', 'an', 'for', 'folding', 'the', 'mountain', 'to']","['Ancheer Electric Bike, Electric Bike for Adults 26"" EBike 500W Adult Electric Bicycle, 19.8MPH Electric Mountain Bike, 48V 10.4Ah Battery, Lockable Suspension Fork, Shimano 21 Speed, Color LCD Display\r\nNow $594.99\r\n\r\nhttps://t.co/8V8vjoEwWs https://t.co/ihlcG2GWeE', 'RT @BenBestDeals: Ancheer Electric Bike, Electric Bike for Adults 26"" EBike 500W Adult Electric Bicycle, 19.8MPH Electric Mountain Bike, 48‚Ä¶', '7 Speed Ebike Folding Electric Bike Electric Bicycle For Adult #ebikes #folding #FastX https://t.co/gVTTag8pHr']",0.8552450980392157,0.12352941176470587,0.021245098039215683,"[1887, 2582, 3796]","(108, 98, 107)"
6,77,6_wind_power_the_to,"['wind', 'power', 'the', 'to', 'solar', 'farms', 'you', 'of', 'and', 'offshore']","[""RT @latimeralder: The unreliability of wind power\r\n\r\nHere's how UK's wind powered electricity generation looked for all of 2022\r\n\r\nSometimes qu‚Ä¶"", 'RT @SchillerWalther: @dorfman_p Wind turbines which last 20 years , so every year you will need 1000 wind turbines every year, with a very‚Ä¶', ""The unreliability of wind power\r\n\r\nHere's how UK's wind powered electricity generation looked for all of 2022\r\n\r\nSometimes quite a lot.\r\n\r\nSonetimes nothing at all\r\n\r\n'We're sorry for the power cut. We hope the wind will pick up by Tuesday and the trains will start running again' https://t.co/gmxRJ2STdD""]",0.839051948051948,0.10992207792207792,0.051000000000000004,"[413, 438, 2426]","(23, 190, 76)"
7,75,7_life_battery_phone_it,"['life', 'battery', 'phone', 'it', 'my', 'iphone', 'is', 'apple', 'hours', 'ios']","[""2 hours of battery life is really amazing + the fact that you can use it while plugged in is mind blowing tech. \r\n\r\nAlso it's so safe to wear something on your head and use it while it is charging all day. Might even just blow up and take you to Valhalla. Another plus. https://t.co/UdY1wts5Id"", '@osiristhe1 It is pretty much the same battery life. iPhone is better optimized and despite the fact that it has smaller battery still lives the full day if not longer. Nothing phone is 4500 mAh if I am not mistaken and you can expect it  to last until the late dinner', '@Apple Only 2 hours of battery life']",0.7721733333333333,0.16458666666666666,0.06317333333333335,"[2717, 2968, 3472]","(95, 82, 189)"
8,67,8_lithium_battery_lithiumion_ion,"['lithium', 'battery', 'lithiumion', 'ion', 'manufacturing', 'cell', 'technology', 'group', 'gujarat', 'tata']","['#TataGroup  to enter EV battery cell manufacturing business &amp; build local supply chain; Group company Agratas Energy Storage Solutions to set up Rs 13,000 crore lithium-ion-cell plant in Sanand, Gujarat with initial manufacturing capacity of 20 GWh https://t.co/iLwxNDy43y', 'RT @Bharatheeyam9: *Lithium Ion Battery*\r\n\r\nTata Group will set up a lithium-ion cell manufacturing facility in Gujarat through its subsidiar‚Ä¶', '*Lithium Ion Battery*\r\n\r\nTata Group will set up a lithium-ion cell manufacturing facility in Gujarat through its subsidiary with an initial capacity of 20 GWh at a cost of Rs 13,000 crore. \r\n\r\nTata Group subsidiary *Agratas Energy Storage Solutions Pvt Ltd* has signed  MOU with the']",0.860865671641791,0.11905970149253732,0.020059701492537316,"[1736, 2349, 3529]","(150, 87, 210)"
9,64,9_ret_renewableenergytoken_samamotahari4_coingraphnews,"['ret', 'renewableenergytoken', 'samamotahari4', 'coingraphnews', 'game', 'best', 'crypto', 'project', 'asrabashi34159', 'energies']","['@samamotahari4 @CoingraphNews Ret have surprise\r\nEvery day\r\nRet game in google play now\r\nWar of Energies\r\n$Ret\r\n#Renewable_Energy_Token', '@samamotahari4 @CoingraphNews Ret have surprise\r\nEvery day\r\nRet game in google play now\r\nWar of Energies.. \r\n$Ret\r\n#Renewable_Energy_Token', '@samamotahari4 @CoingraphNews Ret have surprise\r\nEvery day\r\nRet game in google play now\r\nWar of Energies. \r\n$Ret\r\n#Renewable_Energy_Token']",0.68134375,0.27396875,0.044609375,"[1090, 1100, 1101]","(105, 113, 158)"
10,60,10_apple_life_headset_tech,"['apple', 'life', 'headset', 'tech', 'battery', 'pro', 'vision', 'it', '3500', 'hours']","[""Attention, tech enthusiasts and investors! Suppose you have $3,500 to spare. How will you spend it?\r\n\r\nü•ΩApple's Vision Pro, a groundbreaking wonder of technology with just 2 hours of battery life, OR...\r\n\r\nüìà 20 Apple shares, poised to soar to new heights?\r\n\r\nFor those who crave the‚Ä¶ https://t.co/FiAE0mqTOm https://t.co/4NlZv5Y2Bp"", ""You wanna know what's game changing about Apple's new VR headset? You can see out of it so you can see me pointing and laughing at you for spending $3,500, and only getting two hours of battery life on tech that's been around for years now."", 'Apple unveils #AR/#VR Vision Pro headset, revolutionizing spatial computing üöÄüòé Critics question $3,499 price &amp; 2-hour battery life. Tech game-changer or niche? #Apple\r\nhttps://t.co/eK09xCjJl6']",0.7647333333333334,0.17553333333333335,0.0598,"[1066, 2287, 3422]","(74, 210, 125)"
11,57,11_kenya_transport_africa_emobility,"['kenya', 'transport', 'africa', 'emobility', 'the', 'sustainable', 'mobility', 'of', 'in', 'president']","['RT @MaimunahSharif: Delighted to commence the 2nd day of #UNHA2 with a bike ride accompanied by the esteemed First Lady of Kenya. Promoting‚Ä¶', 'Delighted to commence the 2nd day of #UNHA2 with a bike ride accompanied by the esteemed First Lady of Kenya. Promoting sustainable mobility,  we embark on a journey to champion inclusive and healthy cities for all. Together, let‚Äôs pedal towards a brighter urban future!\r\n\r\n#SDG11 https://t.co/K2AG44aNNA', 'I was honored to meet with Mr. Ababu Namwamba, Cabinet secretary of Youth Affairs, Sports and the Arts. Your dedication to healthy and sustainable mobility is an inspiration to all. Together, we can promote robust and inclusive communities in Kenya and beyond. \r\n\r\n#UNHA2 #SDG11 https://t.co/FkL40V2VvT']",0.7739298245614035,0.20394736842105263,0.022122807017543863,"[443, 449, 717]","(47, 179, 91)"
12,48,12_storage_energy_batteries_longduration,"['storage', 'energy', 'batteries', 'longduration', 'battery', 'eose', 'rt', 'project', 'power', 'energystorage']","['RT @BryanKeIIy: Exponential rise to $1.8B in energy storage  technology investment true long-duration storage now closer to market  reality‚Ä¶', 'RT @mfame_guru: Exponential rise to $1.8B in energy storage technology investment true long-duration storage now closer to market reality,‚Ä¶', 'Exponential rise to $1.8B in energy storage technology investment true long-duration storage now closer to market reality, says Cleantech Group, according to a Ajot news source.\r\nThe sweet spot\r\n\r\nOver 10 developers of energy storage technologies are\r\n\r\nhttps://t.co/UFD14bwiDh']",0.7918124999999999,0.18918749999999998,0.01897916666666667,"[1627, 2008, 2537]","(42, 63, 142)"
13,47,13_display_ram_camera_samsung,"['display', 'ram', 'camera', 'samsung', 'battery', 'gen', 'fhd', 'amoled', 'life', 'laptop']","['Samsung Galaxy Z Flip5 5G\r\n\r\n‚úì Main: 6.7"" FHD+ AMOLED, 120Hz\r\n‚úì Outer: 3.4"" HD AMOLED\r\n‚úì Qualcomm Snapdragon 8 Gen 2 SoC\r\n‚úì 8GB RAM\r\n‚úì 128/256GB storage\r\n‚úì 12MP + 12MP main camera\r\n‚úì Android 13, OneUI 5.1\r\n‚úì 3,700mAh battery, 25W charging\r\n\r\n#Samsung #GalaxyZFlip5', 'vivo X Fold2 is here!\r\n\r\n* 8.03"" foldable AMOLED display\r\n* Snapdragon 8 Gen 2 chip\r\n* 12GB RAM\r\n* 4800mAh battery\r\n* 50MP triple rear camera\r\n* 16MP front camera\r\n\r\n#vivoXFold2 #vivo #foldablephone #Android\r\nhttps://t.co/T1r4PRGuZj', 'Samsung Galaxy F54 5G specs.\r\nDisplay-6.7inch FullHD+ Super Amoled plus(120Hz refresh rate)\r\nProcessor-Exynos 1380(5nm)\r\nCamera-108(OIS)+8MP+2MP\r\nFront Camera-32MP\r\nBattery-6000mah\r\n(Support 25watt charger)\r\nRAM-8GB(LPDDR4x)\r\nStorage-256GB(UFS2.2)\r\n10 5G Bands\r\n4+5 years update https://t.co/EqeEj7q7JR']",0.8708936170212767,0.11627659574468084,0.012851063829787233,"[2302, 3388, 3412]","(80, 237, 116)"
14,46,14_electricboats_plugboats_boat_emobility,"['electricboats', 'plugboats', 'boat', 'emobility', 'electric', 'marine', 'hydrofoiling', 'voltari', 'catamaran', 'candela']","['RT @Plugboats: New EB EINS ultralight electric boat weighs only 89 kilograms https://t.co/shpSdFt4Mv #electricboats #emobility', 'RT @Plugboats: Electric boats show big at 6th hydrofoiling awards https://t.co/IDfv0alxER #electricboats #emobility', 'RT @Plugboats: WaVeS #8: Electric boat news and updates https://t.co/zUyBSGBg81 #electricboats #emobility']",0.8973260869565217,0.09078260869565218,0.011891304347826087,"[1408, 2048, 2050]","(48, 240, 57)"
15,46,15_point_charge_him_he,"['point', 'charge', 'him', 'he', 'trump', 'guilty', 'them', 'you', 'shes', 'at']","['Ames was more of a clown who was always going to get caught, but Hanssen was incredibly smart and I think he did a lot of his spying just to prove to himself he could get away with it.\r\n\r\nAt one point the FBI put him in charge of finding himself. The whole story is like that.', ""@JeremyLshow @EdKrassen If Biden broke the law, cool lock him up too.  Question for you though.  Can you point to potential charge Trump is facing just for having the documents?\r\n\r\nFrom what I gather they are charging him for trying to purposely retain and hide them after the govm't tried to get them back"", ""@RadioFreeTom Please don't tell us you believe him! Trump probably convinced him to run saying he'd support him if he'd pardon him. But then again that's what he's saying to all of them. Even more to the point Manafort probably still in charge of Pence-puppet. None of them tell the truth. https://t.co/6igUsLgpVW""]",0.7517608695652175,0.0912608695652174,0.157,"[2012, 2700, 2774]","(217, 0, 17)"
16,40,16_rt_jackthelad1947_arikring_wernerkeil,"['rt', 'jackthelad1947', 'arikring', 'wernerkeil', 'charluv2011', 'muln', 'sethleitman', 'risepdx', 'debraruh', 'saleemulhuq']","['RT @arikring: @RisePDX @Jackthelad1947 @seth_leitman @debraruh @charluv2011 @TimGuinee @wernerkeil @SaleemulHuq @stracma @JeremyMallin @rad‚Ä¶', 'RT @arikring: @RisePDX @Jackthelad1947 @seth_leitman @debraruh @wernerkeil @SaleemulHuq @JeremyMallin @raduede @Tecgale @MarianSmedley @kir‚Ä¶', ""@GlennWhite1 @AnnieOldenough @HankMullaney @plimothoutwest @TexasKelGirl @JayVanOrman @AllanKirkhart @Sportsmomma2020 @Natizzy21 @donwill94062871 @Cara_TXZEAL @Kirkralphb @wmahoney5 @Tinybutfierce1 @HaroldWren11 @Media__Ferret @olystubbies44 @is_contagious @DonnaArchibal12 @mrsrdc1 @politicalwilli @salty_dawg69 @jellen805 @Conserve2MAGA @kirk_bridgers @HeddyNajjar @GeekRadpart3 @whackamolio @ds_abp @ModBond1 @ElaineSoCalGov @TheRand2025 @CadleSam @BrokenEg0 @scmom13 @Pimpernell13 @ljcljf @UniverseAtLarge @_mzishi_ @FeelFroggyLeap @ByronFackenthal @BigRfaze @birockinn @Debbie22210 @Pepe__J @denise_snively @sethjlevy @wakeywakey16 If they take out Joe early then Kamala gets to be in charge. The only credible choice who'd could possibly be a worst president at this point.""]",0.8393750000000001,0.11027499999999998,0.05034999999999999,"[83, 122, 2772]","(25, 184, 94)"
17,37,17_fire_lithium_ion_battery,"['fire', 'lithium', 'ion', 'battery', 'batteries', 'safety', 'lithiumion', 'fdny', 'caused', 'alarm']","[""@IAFC_SHS üîãLithium Battery Safety 101 @MontgomeryCoMD amount &amp; use of Lithium Ion batteries is growing much faster than most people's knowledge of their fire safety. Here's your ‚Äòone-minute‚Äô read. #DYK @mcfrs has responded to several recent fires/explosions associated w/ batteries \U0001faab https://t.co/j6il9LFVH5"", ""Several photos from Medford's 3 alarm fire this morning. The fire was caused by an E-Bike lithium ion battery fire on the 3rd floor. Companies from Malden, Somerville, Chelsea, Everett, Revere, and Arlington responded mutual aid to the fire to assist. More photos on my website. https://t.co/zBbIToIYNY"", ""RT @911Videography: Several photos from Medford's 3 alarm fire this morning. The fire was caused by an E-Bike lithium ion battery fire on t‚Ä¶""]",0.749,0.07132432432432431,0.17962162162162162,"[1724, 2346, 3520]","(232, 35, 30)"
18,35,18_atkinson_rowan_guardian_piece,"['atkinson', 'rowan', 'guardian', 'piece', 'electric', 'article', 'his', 'vehicles', 'duped', 'drsimevans']","['RT @guardian: Fact check: why Rowan Atkinson is wrong about electric vehicles https://t.co/adRgxxFr6w', 'A brilliant article by the equally brilliant Rowan Atkinson on why electric is not currently the way forward‚Ä¶‚Ä¶.. I love electric vehicles ‚Äì and was an early adopter. But increasingly I feel duped | Rowan Atkinson https://t.co/kARmMEpJVH', 'RT @Gill_Nowell: Fact check: why Rowan Atkinson is wrong about #ElectricVehicles\r\n- \u2066@guardian\u2069 \r\n\r\nExcellent piece by \u2066@DrSimEvans\u2069 \u2066@CarbonB‚Ä¶']",0.7889142857142857,0.09465714285714284,0.11648571428571429,"[147, 257, 3731]","(217, 4, 15)"
19,28,19_scssoftware_bestcommunityever_mantg3tgx_fullelectric,"['scssoftware', 'bestcommunityever', 'mantg3tgx', 'fullelectric', 'ets2', 'mantruckandbus', 'michelinfanpack', 'ridesonmichelin', 'mohskinner', 'justforfun']","['RT @JrgenMa70152075: @SCSsoftware\r\n@MANtruckandbus\r\n@MohSkinner\r\n@siyann_stuff\r\n#MANTG3TGX\r\n#ETS2\r\n#BestCommunityEver\r\n#emobility\r\n#Fullelectric \r\n#‚Ä¶', 'RT @JrgenMa70152075: @SCSsoftware\r\n@MANtruckandbus\r\n@MohSkinner\r\n@siyann_stuff\r\n#MANTG3TGX\r\n#ETS2\r\n#BestCommunityEver\r\n#emobility\r\n#Fullelectric \r\n@‚Ä¶', 'RT @JrgenMa70152075: @SCSsoftware\r\n@MANtruckandbus\r\n#MANTG3TGX\r\n@MohSkinner\r\n@siyann_stuff\r\n#ETS2\r\n#BestCommunityEver\r\n#emobility\r\n#Fullelectric \r\n#‚Ä¶']",0.8704285714285714,0.12342857142857143,0.006142857142857143,"[1399, 1418, 2038]","(27, 124, 183)"
20,26,20_china_sales_chinese_chain,"['china', 'sales', 'chinese', 'chain', 'supply', 'car', 'chinas', 'auto', 'wsj', 'rt']","['$TSLA is using its Chinese supply chain to spin up Mexican supply chain. \r\n\r\nAnd then tap the North American EV credits. \r\n\r\nSuch a power play.', 'RT @Goldfiinger77: $TSLA is using its Chinese supply chain to spin up Mexican supply chain. \r\n\r\nAnd then tap the North American EV credits.‚Ä¶', 'RT @PriapusIQ: üá®üá≥üöó China passenger car sales rise 7.3% in May on incentives, new models.  \r\n\r\nSales of new energy vehicles (NEVs), which incl‚Ä¶']",0.8585384615384615,0.09946153846153846,0.042,"[1229, 1920, 2125]","(16, 125, 225)"
21,24,21_hydrogen_green_greenhydrogen_energy,"['hydrogen', 'green', 'greenhydrogen', 'energy', 'semiconductor', 'technology', 'strategy', 'national', 'produce', 'industry']","['BBC World Service - The Inquiry takes a look at Green Hydrogen‚Äôs viability as a sustainable solution to energy storage‚Ä¶Will hydrogen solve our energy needs? #greenhydrogen #decarbonizeeverything  https://t.co/fA2XanPAUX', 'RT @elogicalstech: Greenzo Energy is gearing up to revolutionise the energy industry with its green hydrogen technology. #GreenHydrogen #Re‚Ä¶', 'RT @ENERGY: Reducing the cost of clean hydrogen is 1 of 3 key strategies in our National Clean Hydrogen Strategy and Roadmap. üõ£ \r\n\r\nDOE Natio‚Ä¶']",0.8094583333333333,0.1758333333333333,0.01475,"[408, 2394, 2522]","(23, 219, 135)"
22,23,22_last_batteries_years_battery,"['last', 'batteries', 'years', 'battery', 'ev', 'range', '10', 'or', 'recycle', 'winter']","['Typically EVs have batteries that last 10 to 20 years, but there are ways to make your battery last a little longer. Try these methods to keep your battery healthy longer.\r\n#Sustainability #Livegreen #Sustainable #EV #Electricvehicle #Greenliving #Electric\r\nhttps://t.co/stairAOBlk https://t.co/Y70TwF5krT', '@BreitbartNews Wait till your doing that at night, in the winter, with the heat and lights on. \r\nHard pass on EV, the battery tech is just NOT there yet. \r\nPERHAPS in 10-20 years, but not now.', 'RT @Earth911: Typically EVs have batteries that last 10 to 20 years, but there are ways to make your battery last a little longer. Try thes‚Ä¶']",0.8862608695652174,0.06191304347826087,0.05178260869565217,"[1700, 1942, 2210]","(54, 229, 154)"
23,21,23_projects_storage_maharashtra_pumped,"['projects', 'storage', 'maharashtra', 'pumped', 'gw', 'nhpc', 'torrent', 'rs', 'mou', 'cr']","['RT @aparanjape: Torrent Power to invest Rs 27,000 cr to build Pumped Storage Hydro projects in #Maharashtra\r\n\r\nThree sites near #Pune - Karja‚Ä¶', 'RT @SwarajyaMag: üí° NHPC and Maharashtra govt sign MoU for pumped storage and renewable projects \r\n\r\nüîã 4 pumped storage projects totalling 7,3‚Ä¶', 'RT @maheshklandge: Torrent Power to invest Rs 27,000 Cr to build Pumped Storage Hydro projects near #Pune - Karjat (3 GW), Maval (1.2 GW),‚Ä¶']",0.8438571428571429,0.14547619047619048,0.010666666666666666,"[312, 708, 865]","(141, 110, 57)"
24,20,24_escooter_criminal_injuries_124,"['escooter', 'criminal', 'injuries', '124', 'convictions', 'trauma', 'stabbed', 'doctor', 'drugs', 'tarnaudit']","['RT @IrishTimes: Criminal with 124 previous convictions needed drugs when he stabbed doctor on e-scooter https://t.co/0P7OoEEuPE', 'RT @courtsnewsIRL: A criminal with 124 previous convictions knocked a doctor from his e-scooter in Dublin city centre and stabbed him seven‚Ä¶', 'Criminal with 124 previous convictions needed drugs when he stabbed doctor on e-scooter https://t.co/0P7OoEEuPE']",0.657,0.09459999999999999,0.24835,"[457, 1278, 1656]","(211, 8, 2)"
25,18,25_charger_liion_20v_battery,"['charger', 'liion', '20v', 'battery', 'lithium', 'product', 'ryobi', 'hart', '2a', 'kit']","['RT @EbikeMarket: 24V 2A Lithium Polymer Battery Charger (Li-Ion)\r\n\r\nüí•Product Details\r\n\r\n‚Ä¢ Variant: Barrel 5.5mm x 2.1\r\n‚Ä¢ Product Type: Charger\r\n‚Ä¢‚Ä¶', 'Gerttilyon for Ryobi OP401 40 Volt Lithium Ion Battery Charger Replace for Ryobi OP40301 OP40401 OP40501 OP40601 OP4015 OP4026 OP4026A OP4030 OP4040 OP4050 Li-ion Battery &lt;Battery Not Included&gt;\r\nhttps://t.co/qmP58ZfV1C', 'Gerttilyon for Ryobi OP401 40 Volt Lithium Ion Battery Charger Replace for Ryobi OP40301 OP40401 OP40501 OP40601 OP4015 OP4026 OP4026A OP4030 OP4040 OP4050 Li-ion Battery &lt;Battery Not Included&gt;\r\nhttps://t.co/qmP58Zfnc4']",0.8942777777777778,0.08422222222222223,0.021555555555555557,"[1174, 3489, 3515]","(94, 63, 225)"
26,17,26_space_solar_power_microwave,"['space', 'solar', 'power', 'microwave', 'solarpower', 'beam', 'greentech', 'transmission', 'earth', '1973']","['9/10: As global energy needs grow, a solution like space-based solar power collection and transmission could be a massive step forward. It could operate 24/7 and beam power to remote or disaster-stricken areas. #GreenTech #SpaceEnergy', '4/10: ""We now know that it can survive the trip to space and operate there,‚Äù \r\n\r\nsays Ali Hajimiri, Space Solar Power Project co-director. Proving this capability is a huge step for the future of renewable energy. #GreenTech #SolarPower', '1/10: The team has achieved a first by successfully beaming solar power from space to Earth without a single wire. This is a huge leap in space-based power!\r\n\r\n üõ∞Ô∏è‚òÄÔ∏è #SolarPower #SpaceTech']",0.8649411764705883,0.12170588235294118,0.013352941176470587,"[3542, 3643, 3647]","(39, 112, 93)"
27,17,27_potus_budget_bipartisan_470,"['potus', 'budget', 'bipartisan', '470', 'america', 'private', 'agreement', 'investments', 'whitehouse', 'manufacturing']","['RT @POTUS: Our historic investments in clean energy manufacturing ‚Äì now protected under the bipartisan budget agreement ‚Äì are helping us bu‚Ä¶', 'RT @WhiteHouse: Under @POTUS, private companies have announced over $470 billion in manufacturing and clean energy investments.\r\n\r\nAnd, we‚Äôve‚Ä¶', 'RT @POTUS: Our bipartisan budget agreement protects our economic progress ‚Äì including the $470 billion in private investment we‚Äôve spurred‚Ä¶']",0.7008235294117647,0.2245294117647059,0.07458823529411765,"[18, 34, 36]","(71, 216, 97)"
28,16,28_trains_electric_train_propulsion,"['trains', 'electric', 'train', 'propulsion', 'class', 'salopianlyne', 'dieselelectric', 'bahn', '86', 'alternatives']","[""@TwosUpJ51 @UbisoftHelpPle1 @Clive_Bates @johnredwood So, no actual argument against new energy sources. You'll now be backing battery &amp; hydrogen buses &amp; lorries greener sources for electric trains then. And agreed, then what's needed is a model T Ford moment. Clean &amp; quiet streets. It's nice to embrace new experiences, isn't it! üëç"", '‚úèÔ∏è Top 2: ‚ÄúAnalysis of hydrogen-powered propulsion system alternatives for diesel-electric regional trains""\r\nüëáhttps://t.co/hxbbyZ9Gac', 'RT @Transport_ELS: ‚úèÔ∏è Top 2: ‚ÄúAnalysis of hydrogen-powered propulsion system alternatives for diesel-electric regional trains""\r\nüëáhttps://t.c‚Ä¶']",0.8999375000000001,0.07625,0.0238125,"[1919, 2110, 2951]","(79, 232, 179)"
29,15,29_vietnam_chinese_investments_firms,"['vietnam', 'chinese', 'investments', 'firms', 'consider', 'storage', 'hithium', 'sources', 'big', 'exclusive']","['RT @ChannelNewsAsia: Exclusive-Chinese energy storage, battery firms consider big investments in Vietnam -sources https://t.co/9Pcz2VaUbs h‚Ä¶', 'Exclusive: Chinese energy storage, battery firms consider big investments in #Vietnam -sources https://t.co/vrXwC8J1xu', 'Exclusive-Chinese energy storage, battery firms consider big investments in Vietnam -sources - https://t.co/lJr8ukhMqI']",0.8111333333333334,0.18566666666666667,0.0032,"[2526, 2527, 3709]","(48, 246, 89)"
30,15,30_pakistans_copper_pakistan_sector,"['pakistans', 'copper', 'pakistan', 'sector', 'demand', 'muhammad', 'glencore', 'mindset', 'contributor', 'coalitions']","['The biggest contributor to GHG emissions in Pakistan is the transport sector. We need to shift our mindset &amp; use public transport &amp; mass transit.\r\nRenewable energy projects need a pre requisite, which is a smart grid system. Mr @mustafa_h_sayed @PciPakChina \r\n#BeatPlasticPollution https://t.co/VFiNARwMi1', 'RT @pak_investor: #copper demand has üöÄüöÄüöÄ\r\n\r\n‚ñ∂Ô∏è #electricVehicle\r\n‚ñ∂Ô∏è #solarpanels\r\n‚ñ∂Ô∏è #windmills\r\n‚ñ∂Ô∏è #powergrids\r\n\r\nCan #Pakistan capture this boom‚Ä¶', 'RT @SDPIPakistan: The biggest contributor to GHG emissions in Pakistan is the transport sector. We need to shift our mindset &amp; use public t‚Ä¶']",0.8023333333333333,0.1534,0.04446666666666667,"[905, 995, 2139]","(17, 145, 84)"
31,14,31_efficiency_energy_efficient_fuel,"['efficiency', 'energy', 'efficient', 'fuel', 'you', 'davetoke', 'primary', 'your', 'same', 'mw']","['@johnredwood The most efficient combustion engines available on the market today have a fuel efficiency of 40 percent. That means they can convert only 40 percent of the fuel energy into movement. All the rest is lost in heat and friction. Your point?', ""@DaveToke That's just how primary energy is defined. You can't calculate efficiency without knowing the thermal power rating. Solar and wind don't have stellar thermal efficiency either, but like nuclear it's not a big deal since you're not really burning fuel. https://t.co/VQe6Do53L3"", ""@DaveToke I guess since solar and wind aren't heat engines it would be turbine efficiency or solar efficiency or something. In any case, you can't calculate efficiency without knowing the primary energy! It's not a trick it's a necessary number to have.""]",0.5795714285714286,0.3668571428571429,0.053642857142857145,"[3041, 3626, 3627]","(72, 175, 76)"
32,14,32_tech_battery_get2karthik_but,"['tech', 'battery', 'get2karthik', 'but', 'lithium', 'finjourney', 'teakkadai1', 'hoping', 'eventually', 'swap']","['@jmllubber @DavidMichery @FinJourney David said actions speak louder then words. He has been working 24/7. I believe him. I also believe in Lawrences battery tech. It is a mess though with Lawrence and DM and trying to come to some agreement.', 'RT @suse4u: @get2karthik @teakkadai1 But hoping for breakthrough battery tech which will eventually overcome this', '@get2karthik @teakkadai1 But hoping for breakthrough battery tech which will eventually overcome this']",0.8743571428571428,0.09371428571428571,0.031928571428571424,"[2289, 2290, 2960]","(130, 229, 199)"
33,13,33_graphite_graphene_batteries_sovereignmetals,"['graphite', 'graphene', 'batteries', 'sovereignmetals', 'purity', 'gt9995', 'svml', 'tgr', 'kasiya', 'benchmark']","['#SVML @sovereignmetals - Kasiya #Graphite for use in #Lithium ion Batteries\r\n\r\n-Above benchmark &gt;99.95% carbon purity achieved.\r\n\r\n-Near perfect crystallinity - an indicator of battery anode performance\r\n\r\nread- https://t.co/gaXyHbs8Tt https://t.co/Om0Uvo89uS', 'RT @Brand_UK: #SVML @sovereignmetals - Kasiya #Graphite for use in #Lithium ion Batteries\r\n\r\n-Above benchmark &gt;99.95% carbon purity achieved.‚Ä¶', 'RT @Brand_UK: @sovereignmetals #SVML - Kasiya Graphite for use in Lithium ion Batteries\r\n\r\n-Above benchmark &gt;99.95% carbon purity achieved.‚Ä¶']",0.8844615384615384,0.1033846153846154,0.012153846153846154,"[920, 982, 2336]","(148, 131, 79)"
34,13,34_he_mavericks_charge_lead,"['he', 'mavericks', 'charge', 'lead', 'point', 'since', 'that', 'the', '13point', 'okhsscores']","[""2006 Finals, Game 3 üéü\r\n\r\nMavericks lead Heat 2-0 ü§†\r\n\r\nDespite the Mavericks' 13-point lead in the fourth quarter, Dwyane Wade took charge and scored 15 points (he had 42 total), even with five fouls against him! ü™£üî•\r\n\r\n(üì∏ @adbphotoinc)\r\n\r\n(1 of 2) https://t.co/vFbGRdAtHi"", 'RT @6colorblind6: @donzie1960 He looks thinner in that pose?üôÉ\r\nSince he cannot play baseball can he charge the mound to start a fight?\r\nIf he‚Ä¶', ""@donzie1960 He looks thinner in that pose?üôÉ\r\nSince he cannot play baseball can he charge the mound to start a fight?\r\nIf he did that he would redeem himself for sucking..\r\nAlthough it's not his fault that he sucks it's the point of leaving him in the game that baffles all of us lol #LGM""]",0.6894615384615383,0.21038461538461536,0.1,"[1713, 1883, 2554]","(47, 251, 152)"
35,13,35_walking_mobility_infrastructure_cycling,"['walking', 'mobility', 'infrastructure', 'cycling', 'transportation', 'biking', 'bloomberg', 'sustainable', 'txdot', 'neither']","['üó£Ô∏èYouth involvement in sustainable mobility extends beyond personal choices. They are instrumental in advocating for infrastructure improvements, safer biking and walking paths, and reliable public transportation systems.\r\n\r\nDon‚Äôt miss the conversation, sign up to join the session! https://t.co/LOYfPlTI28', '@TxDOT You choose walking, biking, and public transportation as a healthier and more sustainable mobility option and kick car dependency to the curb. https://t.co/iVkOF5E5pq', 'RT @kelseyhuse30: @TxDOT You choose walking, biking, and public transportation as a healthier and more sustainable mobility option and kick‚Ä¶']",0.8642307692307691,0.13176923076923078,0.003923076923076923,"[877, 965, 1057]","(149, 122, 133)"
36,13,36_blockchain_bitcoin_mining_survey,"['blockchain', 'bitcoin', 'mining', 'survey', 'comst', 'anomaly', 'salvador', 'btc', 'el', 'detection']","[""RT @PlanetDefi: El Salvador is set to develop one of the world's largest #Bitcoin mining farms by leveraging the power of volcanic üåãenergy.‚Ä¶"", 'RT @IEEECOMST: [COMST Survey] Anomaly Detection in Blockchain Networks: A Comprehensive Survey\r\n\r\nThe recent advancements in blockchain has l‚Ä¶', '[COMST Survey] Anomaly Detection in Blockchain Networks: A Comprehensive Survey\r\n\r\nThe recent advancements in blockchain has led researchers to integrate blockchain in everyday cyber physical systems, such as smart grid, supply chain, electric vehicles, Int‚Ä¶https://t.co/euJX88wiLl']",0.8170000000000001,0.13776923076923075,0.045307692307692306,"[975, 1806, 2436]","(73, 180, 117)"
37,12,37_solar_panels_inverter_sturdy,"['solar', 'panels', 'inverter', 'sturdy', 'ip67', 'constructed', 'inverters', 'zetinsolar', 'mppt', 'alloy']","['@milachka2001 @Amie42 @dorfman_p @RonnieBelmans True. My 180W panels 15 years ago are about 85% now \r\nBut the 2 x 2.5 kW inverter will cost me $650 to fix if they die. So I will replace the whole system with  10kW (or 20kW)  panels +5kW inverter+ battery with a 10 year warranty. \r\nSystem decisions overide single tech issues.', 'RT @zetin_solar: High Quality: Aluminum alloy housing, solid and sturdy constructed, IP67 waterproof, long life lithium iron phosphate batt‚Ä¶', 'High Quality: Aluminum alloy housing, solid and sturdy constructed, IP67 waterproof, long life lithium iron phosphate battery, dusk on dawn off light sensor, anti-broken remote control. Each part underwent aging and repeated testing.\r\n\r\nMaandamano University']",0.8888333333333334,0.09325,0.017916666666666668,"[1369, 1532, 2961]","(82, 215, 118)"
38,12,38_bus_sindh_red_peoples,"['bus', 'sindh', 'red', 'peoples', 'pink', 'brt', 'karachi', 'busorange', 'busgreen', 'ppp']","['The PPP led Sindh Govt has launched the Peoples Red Bus , White EV Bus,Orange line BRT Bus, Pink Bus,Green bus in Karachi. The buses connect major residential hubs &amp; industrial &amp; business centers.\r\nThank You @BBhuttoZardari ‚ù§Ô∏è&amp; honourable Transport Minister @sharjeelinam . https://t.co/sW1ZZQYPV8', 'The PPP led Sindh Govt has launched the Peoples Red Bus , White EV Bus,Orange line BRT Bus, Pink Bus,Green bus in Karachi. The buses connect major residential hubs &amp; industrial &amp; business centers.\r\nThank You @BBhuttoZardari ‚ù§Ô∏è&amp; honourable Transport Minister @sharjeelinam . https://t.co/LnBSYC0S9s', 'RT @S_Hassam_Ali: The PPP led Sindh Govt has launched the Peoples Red Bus , White EV Bus,Orange line BRT Bus, Pink Bus,Green bus in Karachi‚Ä¶']",0.85825,0.14175000000000001,0.0,"[734, 793, 3215]","(67, 200, 247)"
39,10,39_justice_vote_social_point,"['justice', 'vote', 'social', 'point', 'negativitya', 'she', 'empowered', 'represented', 'would', 'thrive']","[""Some ppl thrive off negativity....a million positive things could happen and they would not say a word but one negative thing and they're leading the charge to point it out"", ""RT @BrandonWarmke: ‚Äú‚Ä¶and a course of action might be supported because it represented the aim of 'social justice', which from the point of‚Ä¶"", ""‚Äú‚Ä¶and a course of action might be supported because it represented the aim of 'social justice', which from the point of view of 'justice' was not just. The term 'social justice' is in danger of losing its rational content -which would be replaced by a powerful emotional charge.‚Äù""]",0.6785,0.20780000000000004,0.1137,"[928, 1818, 2560]","(13, 141, 247)"
40,10,40_fire_kashmir_escooter_caught,"['fire', 'kashmir', 'escooter', 'caught', 'scooter', 'devastating', 'departments', 'strange', 'blasted', 'balcony']","['RT @faza_zainab: First such strange and tragic accident in Kashmir where in e-scooter battery blasted\r\n#blast #Srinagar #Kashmir #scooty', 'RT @YahooNewsAU: A family has been forced to shelter on a balcony after the charging battery of an e-scooter caught fire, spewing toxic fum‚Ä¶', ""A family has been forced to shelter on a balcony after the charging battery of an e-scooter caught fire, spewing toxic fumes into their apartment in Sydney's inner west.\r\n\r\n#blaze #Fire #Scooter \r\n\r\nhttps://t.co/jD4eaIthD4""]",0.5836,0.0358,0.3805,"[2016, 2589, 2591]","(243, 42, 33)"
41,10,41_lanka_sri_mw_1875acre,"['lanka', 'sri', 'mw', '1875acre', 'laid', 'gcl', 'ggsipu', 'ltd', 'stone', 'kpi']","['@AtishiAAP @ArvindKejriwal @GGSIPUIndia @smritiirani Ji laid the foundation stone of an 18.75-acre east Delhi campus of GGSIPU which will be equipped with modern facilities including solar power panels and geothermal cooling systems. https://t.co/3PDItGGEAj', 'GCL China with their facilitator in Sri Lanka, Sri Lanka MAAVI Agro Lanka International Pvt. Ltd will build two 50 MW generating solar plants and two 100 MV generating wind power projects. https://t.co/9h7YkapDZS', 'RT @BRI_SL: GCL China with their facilitator in Sri Lanka, Sri Lanka MAAVI Agro Lanka International Pvt. Ltd will build two 50 MW generatin‚Ä¶']",0.9481999999999999,0.0518,0.0,"[2503, 2508, 3662]","(105, 163, 132)"
